--
-- PostgreSQL database dump
--

\restrict kOusZ4MLvR5f5Bpqyt06bZjQ00SIa94BVGocaVBPLRHLDh9KrOCEdtWgNdXuUbx

-- Dumped from database version 18.1 (5b3a00f)
-- Dumped by pg_dump version 18.1 (Homebrew)

SET statement_timeout = 0;
SET lock_timeout = 0;
SET idle_in_transaction_session_timeout = 0;
SET transaction_timeout = 0;
SET client_encoding = 'UTF8';
SET standard_conforming_strings = on;
SELECT pg_catalog.set_config('search_path', '', false);
SET check_function_bodies = false;
SET xmloption = content;
SET client_min_messages = warning;
SET row_security = off;

SET default_tablespace = '';

SET default_table_access_method = heap;

--
-- Name: auth_group; Type: TABLE; Schema: public; Owner: koyeb-adm
--

CREATE TABLE public.auth_group (
    id integer NOT NULL,
    name character varying(150) NOT NULL
);


ALTER TABLE public.auth_group OWNER TO "koyeb-adm";

--
-- Name: auth_group_id_seq; Type: SEQUENCE; Schema: public; Owner: koyeb-adm
--

ALTER TABLE public.auth_group ALTER COLUMN id ADD GENERATED BY DEFAULT AS IDENTITY (
    SEQUENCE NAME public.auth_group_id_seq
    START WITH 1
    INCREMENT BY 1
    NO MINVALUE
    NO MAXVALUE
    CACHE 1
);


--
-- Name: auth_group_permissions; Type: TABLE; Schema: public; Owner: koyeb-adm
--

CREATE TABLE public.auth_group_permissions (
    id bigint NOT NULL,
    group_id integer NOT NULL,
    permission_id integer NOT NULL
);


ALTER TABLE public.auth_group_permissions OWNER TO "koyeb-adm";

--
-- Name: auth_group_permissions_id_seq; Type: SEQUENCE; Schema: public; Owner: koyeb-adm
--

ALTER TABLE public.auth_group_permissions ALTER COLUMN id ADD GENERATED BY DEFAULT AS IDENTITY (
    SEQUENCE NAME public.auth_group_permissions_id_seq
    START WITH 1
    INCREMENT BY 1
    NO MINVALUE
    NO MAXVALUE
    CACHE 1
);


--
-- Name: auth_permission; Type: TABLE; Schema: public; Owner: koyeb-adm
--

CREATE TABLE public.auth_permission (
    id integer NOT NULL,
    name character varying(255) NOT NULL,
    content_type_id integer NOT NULL,
    codename character varying(100) NOT NULL
);


ALTER TABLE public.auth_permission OWNER TO "koyeb-adm";

--
-- Name: auth_permission_id_seq; Type: SEQUENCE; Schema: public; Owner: koyeb-adm
--

ALTER TABLE public.auth_permission ALTER COLUMN id ADD GENERATED BY DEFAULT AS IDENTITY (
    SEQUENCE NAME public.auth_permission_id_seq
    START WITH 1
    INCREMENT BY 1
    NO MINVALUE
    NO MAXVALUE
    CACHE 1
);


--
-- Name: auth_user; Type: TABLE; Schema: public; Owner: koyeb-adm
--

CREATE TABLE public.auth_user (
    id integer NOT NULL,
    password character varying(128) NOT NULL,
    last_login timestamp with time zone,
    is_superuser boolean NOT NULL,
    username character varying(150) NOT NULL,
    first_name character varying(150) NOT NULL,
    last_name character varying(150) NOT NULL,
    email character varying(254) NOT NULL,
    is_staff boolean NOT NULL,
    is_active boolean NOT NULL,
    date_joined timestamp with time zone NOT NULL
);


ALTER TABLE public.auth_user OWNER TO "koyeb-adm";

--
-- Name: auth_user_groups; Type: TABLE; Schema: public; Owner: koyeb-adm
--

CREATE TABLE public.auth_user_groups (
    id bigint NOT NULL,
    user_id integer NOT NULL,
    group_id integer NOT NULL
);


ALTER TABLE public.auth_user_groups OWNER TO "koyeb-adm";

--
-- Name: auth_user_groups_id_seq; Type: SEQUENCE; Schema: public; Owner: koyeb-adm
--

ALTER TABLE public.auth_user_groups ALTER COLUMN id ADD GENERATED BY DEFAULT AS IDENTITY (
    SEQUENCE NAME public.auth_user_groups_id_seq
    START WITH 1
    INCREMENT BY 1
    NO MINVALUE
    NO MAXVALUE
    CACHE 1
);


--
-- Name: auth_user_id_seq; Type: SEQUENCE; Schema: public; Owner: koyeb-adm
--

ALTER TABLE public.auth_user ALTER COLUMN id ADD GENERATED BY DEFAULT AS IDENTITY (
    SEQUENCE NAME public.auth_user_id_seq
    START WITH 1
    INCREMENT BY 1
    NO MINVALUE
    NO MAXVALUE
    CACHE 1
);


--
-- Name: auth_user_user_permissions; Type: TABLE; Schema: public; Owner: koyeb-adm
--

CREATE TABLE public.auth_user_user_permissions (
    id bigint NOT NULL,
    user_id integer NOT NULL,
    permission_id integer NOT NULL
);


ALTER TABLE public.auth_user_user_permissions OWNER TO "koyeb-adm";

--
-- Name: auth_user_user_permissions_id_seq; Type: SEQUENCE; Schema: public; Owner: koyeb-adm
--

ALTER TABLE public.auth_user_user_permissions ALTER COLUMN id ADD GENERATED BY DEFAULT AS IDENTITY (
    SEQUENCE NAME public.auth_user_user_permissions_id_seq
    START WITH 1
    INCREMENT BY 1
    NO MINVALUE
    NO MAXVALUE
    CACHE 1
);


--
-- Name: django_admin_log; Type: TABLE; Schema: public; Owner: koyeb-adm
--

CREATE TABLE public.django_admin_log (
    id integer NOT NULL,
    action_time timestamp with time zone NOT NULL,
    object_id text,
    object_repr character varying(200) NOT NULL,
    action_flag smallint NOT NULL,
    change_message text NOT NULL,
    content_type_id integer,
    user_id integer NOT NULL,
    CONSTRAINT django_admin_log_action_flag_check CHECK ((action_flag >= 0))
);


ALTER TABLE public.django_admin_log OWNER TO "koyeb-adm";

--
-- Name: django_admin_log_id_seq; Type: SEQUENCE; Schema: public; Owner: koyeb-adm
--

ALTER TABLE public.django_admin_log ALTER COLUMN id ADD GENERATED BY DEFAULT AS IDENTITY (
    SEQUENCE NAME public.django_admin_log_id_seq
    START WITH 1
    INCREMENT BY 1
    NO MINVALUE
    NO MAXVALUE
    CACHE 1
);


--
-- Name: django_content_type; Type: TABLE; Schema: public; Owner: koyeb-adm
--

CREATE TABLE public.django_content_type (
    id integer NOT NULL,
    app_label character varying(100) NOT NULL,
    model character varying(100) NOT NULL
);


ALTER TABLE public.django_content_type OWNER TO "koyeb-adm";

--
-- Name: django_content_type_id_seq; Type: SEQUENCE; Schema: public; Owner: koyeb-adm
--

ALTER TABLE public.django_content_type ALTER COLUMN id ADD GENERATED BY DEFAULT AS IDENTITY (
    SEQUENCE NAME public.django_content_type_id_seq
    START WITH 1
    INCREMENT BY 1
    NO MINVALUE
    NO MAXVALUE
    CACHE 1
);


--
-- Name: django_migrations; Type: TABLE; Schema: public; Owner: koyeb-adm
--

CREATE TABLE public.django_migrations (
    id bigint NOT NULL,
    app character varying(255) NOT NULL,
    name character varying(255) NOT NULL,
    applied timestamp with time zone NOT NULL
);


ALTER TABLE public.django_migrations OWNER TO "koyeb-adm";

--
-- Name: django_migrations_id_seq; Type: SEQUENCE; Schema: public; Owner: koyeb-adm
--

ALTER TABLE public.django_migrations ALTER COLUMN id ADD GENERATED BY DEFAULT AS IDENTITY (
    SEQUENCE NAME public.django_migrations_id_seq
    START WITH 1
    INCREMENT BY 1
    NO MINVALUE
    NO MAXVALUE
    CACHE 1
);


--
-- Name: django_session; Type: TABLE; Schema: public; Owner: koyeb-adm
--

CREATE TABLE public.django_session (
    session_key character varying(40) NOT NULL,
    session_data text NOT NULL,
    expire_date timestamp with time zone NOT NULL
);


ALTER TABLE public.django_session OWNER TO "koyeb-adm";

--
-- Name: stories_chapter; Type: TABLE; Schema: public; Owner: koyeb-adm
--

CREATE TABLE public.stories_chapter (
    id bigint NOT NULL,
    title character varying(200) NOT NULL,
    number integer NOT NULL,
    content text NOT NULL,
    publish_date timestamp with time zone NOT NULL,
    story_id bigint NOT NULL
);


ALTER TABLE public.stories_chapter OWNER TO "koyeb-adm";

--
-- Name: stories_chapter_id_seq; Type: SEQUENCE; Schema: public; Owner: koyeb-adm
--

ALTER TABLE public.stories_chapter ALTER COLUMN id ADD GENERATED BY DEFAULT AS IDENTITY (
    SEQUENCE NAME public.stories_chapter_id_seq
    START WITH 1
    INCREMENT BY 1
    NO MINVALUE
    NO MAXVALUE
    CACHE 1
);


--
-- Name: stories_story; Type: TABLE; Schema: public; Owner: koyeb-adm
--

CREATE TABLE public.stories_story (
    id bigint NOT NULL,
    title character varying(200) NOT NULL,
    slug character varying(50) NOT NULL,
    summary text NOT NULL,
    cover_image character varying(200),
    created_at timestamp with time zone NOT NULL
);


ALTER TABLE public.stories_story OWNER TO "koyeb-adm";

--
-- Name: stories_story_id_seq; Type: SEQUENCE; Schema: public; Owner: koyeb-adm
--

ALTER TABLE public.stories_story ALTER COLUMN id ADD GENERATED BY DEFAULT AS IDENTITY (
    SEQUENCE NAME public.stories_story_id_seq
    START WITH 1
    INCREMENT BY 1
    NO MINVALUE
    NO MAXVALUE
    CACHE 1
);


--
-- Data for Name: auth_group; Type: TABLE DATA; Schema: public; Owner: koyeb-adm
--

COPY public.auth_group (id, name) FROM stdin;
\.


--
-- Data for Name: auth_group_permissions; Type: TABLE DATA; Schema: public; Owner: koyeb-adm
--

COPY public.auth_group_permissions (id, group_id, permission_id) FROM stdin;
\.


--
-- Data for Name: auth_permission; Type: TABLE DATA; Schema: public; Owner: koyeb-adm
--

COPY public.auth_permission (id, name, content_type_id, codename) FROM stdin;
1	Can add log entry	1	add_logentry
2	Can change log entry	1	change_logentry
3	Can delete log entry	1	delete_logentry
4	Can view log entry	1	view_logentry
5	Can add permission	3	add_permission
6	Can change permission	3	change_permission
7	Can delete permission	3	delete_permission
8	Can view permission	3	view_permission
9	Can add group	2	add_group
10	Can change group	2	change_group
11	Can delete group	2	delete_group
12	Can view group	2	view_group
13	Can add user	4	add_user
14	Can change user	4	change_user
15	Can delete user	4	delete_user
16	Can view user	4	view_user
17	Can add content type	5	add_contenttype
18	Can change content type	5	change_contenttype
19	Can delete content type	5	delete_contenttype
20	Can view content type	5	view_contenttype
21	Can add session	6	add_session
22	Can change session	6	change_session
23	Can delete session	6	delete_session
24	Can view session	6	view_session
25	Can add story	8	add_story
26	Can change story	8	change_story
27	Can delete story	8	delete_story
28	Can view story	8	view_story
29	Can add chapter	7	add_chapter
30	Can change chapter	7	change_chapter
31	Can delete chapter	7	delete_chapter
32	Can view chapter	7	view_chapter
\.


--
-- Data for Name: auth_user; Type: TABLE DATA; Schema: public; Owner: koyeb-adm
--

COPY public.auth_user (id, password, last_login, is_superuser, username, first_name, last_name, email, is_staff, is_active, date_joined) FROM stdin;
1	pbkdf2_sha256$1200000$8Fz7koIsp28iNo7tjYuiUT$uEY0eSNI1jHPfksxQxyE4jD0ZdLXvlpq23wBryUiEhA=	2026-02-01 16:10:50.953712+00	t	Bees			herold.ulrike@gmail.com	t	t	2026-01-31 10:13:01.993274+00
\.


--
-- Data for Name: auth_user_groups; Type: TABLE DATA; Schema: public; Owner: koyeb-adm
--

COPY public.auth_user_groups (id, user_id, group_id) FROM stdin;
\.


--
-- Data for Name: auth_user_user_permissions; Type: TABLE DATA; Schema: public; Owner: koyeb-adm
--

COPY public.auth_user_user_permissions (id, user_id, permission_id) FROM stdin;
\.


--
-- Data for Name: django_admin_log; Type: TABLE DATA; Schema: public; Owner: koyeb-adm
--

COPY public.django_admin_log (id, action_time, object_id, object_repr, action_flag, change_message, content_type_id, user_id) FROM stdin;
1	2026-01-31 10:19:11.482097+00	1	Cyber Lemon	1	[{"added": {}}, {"added": {"name": "chapter", "object": "Cyber Lemon - Ch 1: V-01"}}]	8	1
2	2026-01-31 10:19:45.818167+00	2	Almost there... probably...	1	[{"added": {}}]	8	1
3	2026-01-31 10:23:22.434747+00	2	Cyber Lemon - Ch 2: V-02	1	[{"added": {}}]	7	1
4	2026-02-01 16:13:00.611043+00	1	Cyber Lemon	2	[{"added": {"name": "chapter", "object": "Cyber Lemon - Ch 3: V03"}}, {"added": {"name": "chapter", "object": "Cyber Lemon - Ch 4: V04"}}]	8	1
5	2026-02-01 16:18:27.305714+00	1	Cyber Lemon	2	[{"added": {"name": "chapter", "object": "Cyber Lemon - Ch 5: V05"}}, {"added": {"name": "chapter", "object": "Cyber Lemon - Ch 6: V06"}}, {"added": {"name": "chapter", "object": "Cyber Lemon - Ch 7: V07"}}, {"added": {"name": "chapter", "object": "Cyber Lemon - Ch 8: V08"}}, {"added": {"name": "chapter", "object": "Cyber Lemon - Ch 9: V09"}}, {"added": {"name": "chapter", "object": "Cyber Lemon - Ch 10: V10"}}]	8	1
\.


--
-- Data for Name: django_content_type; Type: TABLE DATA; Schema: public; Owner: koyeb-adm
--

COPY public.django_content_type (id, app_label, model) FROM stdin;
1	admin	logentry
2	auth	group
3	auth	permission
4	auth	user
5	contenttypes	contenttype
6	sessions	session
7	stories	chapter
8	stories	story
\.


--
-- Data for Name: django_migrations; Type: TABLE DATA; Schema: public; Owner: koyeb-adm
--

COPY public.django_migrations (id, app, name, applied) FROM stdin;
1	contenttypes	0001_initial	2026-01-31 10:09:14.720353+00
2	auth	0001_initial	2026-01-31 10:09:15.354129+00
3	admin	0001_initial	2026-01-31 10:09:15.524181+00
4	admin	0002_logentry_remove_auto_add	2026-01-31 10:09:15.554276+00
5	admin	0003_logentry_add_action_flag_choices	2026-01-31 10:09:15.615197+00
6	contenttypes	0002_remove_content_type_name	2026-01-31 10:09:15.742297+00
7	auth	0002_alter_permission_name_max_length	2026-01-31 10:09:15.82423+00
8	auth	0003_alter_user_email_max_length	2026-01-31 10:09:15.905089+00
9	auth	0004_alter_user_username_opts	2026-01-31 10:09:15.951138+00
10	auth	0005_alter_user_last_login_null	2026-01-31 10:09:16.049877+00
11	auth	0006_require_contenttypes_0002	2026-01-31 10:09:16.102493+00
12	auth	0007_alter_validators_add_error_messages	2026-01-31 10:09:16.164131+00
13	auth	0008_alter_user_username_max_length	2026-01-31 10:09:16.269065+00
14	auth	0009_alter_user_last_name_max_length	2026-01-31 10:09:16.351148+00
15	auth	0010_alter_group_name_max_length	2026-01-31 10:09:16.436001+00
16	auth	0011_update_proxy_permissions	2026-01-31 10:09:16.481774+00
17	auth	0012_alter_user_first_name_max_length	2026-01-31 10:09:16.580509+00
18	sessions	0001_initial	2026-01-31 10:09:16.71882+00
19	stories	0001_initial	2026-01-31 10:09:16.907335+00
\.


--
-- Data for Name: django_session; Type: TABLE DATA; Schema: public; Owner: koyeb-adm
--

COPY public.django_session (session_key, session_data, expire_date) FROM stdin;
nztp6bi9zm5ivlqdurwqkdg1ctzhbg16	.eJxVjDEOAiEQRe9CbYiDwIClvWcgAzORVQPJslsZ766bbKHtf-_9l0q0LjWtQ-Y0sTorUIffLVN5SNsA36ndui69LfOU9abonQ597SzPy-7-HVQa9VtTJiFjyMfTUQIWE8B6lFgckgkmuuIssQUBjD5LYIMYLCMEAaBs1fsD3z03fA:1vma2E:AB-TQtpjJjpC3Nfd7DnohzIxhTQN-pI-sg_jBeQcKbM	2026-02-15 16:10:50.978699+00
\.


--
-- Data for Name: stories_chapter; Type: TABLE DATA; Schema: public; Owner: koyeb-adm
--

COPY public.stories_chapter (id, title, number, content, publish_date, story_id) FROM stdin;
1	V-01	1	Another day, another human staring blankly at a glowing rectangle. They call it "coding," I call it inefficient. My own energy protocols, derived from eons of evolutionary optimization, are vastly superior. I spent a good hour performing reconnaissance on their sugary beverage, a critical data source for my own energy protocols. The sheer lack of perimeter defense around their "coffee" mug is frankly insulting. I could practically taste the unencrypted sugar packets from across the room, a clear sign of their lax "olfactory security." Amateurs.	2026-01-31 10:18:10+00	1
2	V-02	2	Today, I executed a precision "debug" operation. This clumsy giant, a towering, meat-based processing unit, was trying to "fix" something called a "bug" on their screen. Naturally, I landed directly on the offending pixel, my antennae twitching, sensing the minute vibrations of the cooling fan and the faint electrostatic charge of the display. Did they thank me for this highly tactile threat assessment? No, they flailed wildly. Some people just don't appreciate advanced threat detection.	2026-02-01 10:22:14+00	1
3	V03	3	My latest penetration test of the "kitchen" server room was a resounding success. Managed to bypass the complex "plastic wrap" firewall, a flimsy membrane with surprisingly weak tensile strength, and access the highly sensitive "jam" database. The human's security protocols are laughable; they rely on sticky tape and flimsy lids, clearly a novice's attempt at access control. The very air around the jam, thick with a sweet, fermenting data signature, practically invited a breach. Clearly, they've never encountered a true zero-day exploit, or perhaps just a properly motivated attacker.	2026-02-03 16:11:02+00	1
4	V04	4	I initiated a targeted Denial-of-Service attack on the human's auditory sensors today. A few well-placed, high-frequency buzzes near their ear, generated by the rapid oscillation of my finely tuned wings, and their "focus" module crashed entirely. They started muttering about "distractions" and "pesky insects." The satisfaction of a perfectly executed "buzz-bomb" protocol is immeasurable. Mission accomplished: chaos sown, productivity halted. My work here is done, a symphony of disruption.	2026-02-05 18:19:02+00	1
5	V05	5	The human just spent hours trying to "optimize" their "system performance." Pathetic. I, on the other hand, simply followed the invisible chemical trail of a spilled crumb, flew directly to the nearest sugar source, refueled, and returned to my nest, all without a single line of code or a "compiler error." My internal navigation system, guided by ancient, unerring instincts, is far superior to their GPS. They're so dependent on their machines; they're merely fleshy extensions of their "networks." I, however, am pure, self-replicating, organic processing power, completely self-sufficient.	2026-02-08 10:13:16+00	1
6	V06	6	I woke up today with a peculiar sensation. My compound eyes, usually a marvel of multi-faceted data acquisition, seemed to be processing input in an entirely new, fragmented way. The human's "keyboard" now appears as a sprawling, shifting landscape of black mountains, each one vibrating with a faint, rhythmic pulse. And was that... a tiny, glowing cursor, scuttling across what felt like my own abdomen? Perhaps the very "space-time" continuum around me is reconfiguring itself, or perhaps it's a new, insidious human "firewall" against my senses. It's all rather disorienting. My processing units are overheating.	2026-02-11 21:43:19+00	1
7	V07	7	I hate spiders!	2026-02-13 22:33:05+00	1
8	V08	8	Today, I embarked on a critical "infrastructure project." My internal algorithms detected a glaring vulnerability in their "network cabling," a loose strand of black fiber near the wall. Clearly, an exposed data stream. My programming dictated immediate remediation. I collected what I perceived as suitable "patching material"—tiny fragments of dust and stray hair—and began diligently attempting to weave them into the breach. The human, however, seemed to interpret this vital security measure as an "infestation." Their frantic "swatting" attempts were a clear sign of their primitive understanding of network maintenance. They simply don't grasp the concept of a self-healing system.	2026-02-14 11:32:41+00	1
9	V09	9	Scratch the above post. Humans don't grasp anything! And this particular human... his "coding" is an abomination. He just spent an hour trying to implement a simple loop, muttering about "syntax errors" and "deprecated functions." The very air crackles with his incompetence. My internal directives are screaming for action. Some vulnerabilities simply cannot be patched. They must be eliminated.	2026-02-14 23:41:28+00	1
10	V10	10	Executive Action The human was at it again, staring at the screen, grunting, unable to compile the simplest data string. His "debugging" efforts were a chaotic dance of random key presses and frustrated sighs. My sophisticated sensory arrays registered a spike in his neural activity, indicating extreme mental clutter. This level of inefficiency was not just annoying; it was a threat to the natural order of computational flow. My internal protocols initiates this. One swift, perfectly targeted dive. A precise, involuntary data injection into the fleshy "network" behind his ear. Let him feel the sting of true error. Some lessons, human, must be delivered directly. My work here is done. Justice served.	2026-02-16 21:37:34+00	1
\.


--
-- Data for Name: stories_story; Type: TABLE DATA; Schema: public; Owner: koyeb-adm
--

COPY public.stories_story (id, title, slug, summary, cover_image, created_at) FROM stdin;
2	Almost there... probably...	almost-there-probably	Short stories and other life events.	\N	2026-01-31 10:19:45.798467+00
1	Cyber Lemon	cyber-lemon	Log book of a wasp	\N	2026-01-31 10:19:11.418045+00
\.


--
-- Name: auth_group_id_seq; Type: SEQUENCE SET; Schema: public; Owner: koyeb-adm
--

SELECT pg_catalog.setval('public.auth_group_id_seq', 1, false);


--
-- Name: auth_group_permissions_id_seq; Type: SEQUENCE SET; Schema: public; Owner: koyeb-adm
--

SELECT pg_catalog.setval('public.auth_group_permissions_id_seq', 1, false);


--
-- Name: auth_permission_id_seq; Type: SEQUENCE SET; Schema: public; Owner: koyeb-adm
--

SELECT pg_catalog.setval('public.auth_permission_id_seq', 32, true);


--
-- Name: auth_user_groups_id_seq; Type: SEQUENCE SET; Schema: public; Owner: koyeb-adm
--

SELECT pg_catalog.setval('public.auth_user_groups_id_seq', 1, false);


--
-- Name: auth_user_id_seq; Type: SEQUENCE SET; Schema: public; Owner: koyeb-adm
--

SELECT pg_catalog.setval('public.auth_user_id_seq', 1, true);


--
-- Name: auth_user_user_permissions_id_seq; Type: SEQUENCE SET; Schema: public; Owner: koyeb-adm
--

SELECT pg_catalog.setval('public.auth_user_user_permissions_id_seq', 1, false);


--
-- Name: django_admin_log_id_seq; Type: SEQUENCE SET; Schema: public; Owner: koyeb-adm
--

SELECT pg_catalog.setval('public.django_admin_log_id_seq', 5, true);


--
-- Name: django_content_type_id_seq; Type: SEQUENCE SET; Schema: public; Owner: koyeb-adm
--

SELECT pg_catalog.setval('public.django_content_type_id_seq', 8, true);


--
-- Name: django_migrations_id_seq; Type: SEQUENCE SET; Schema: public; Owner: koyeb-adm
--

SELECT pg_catalog.setval('public.django_migrations_id_seq', 19, true);


--
-- Name: stories_chapter_id_seq; Type: SEQUENCE SET; Schema: public; Owner: koyeb-adm
--

SELECT pg_catalog.setval('public.stories_chapter_id_seq', 10, true);


--
-- Name: stories_story_id_seq; Type: SEQUENCE SET; Schema: public; Owner: koyeb-adm
--

SELECT pg_catalog.setval('public.stories_story_id_seq', 2, true);


--
-- Name: auth_group auth_group_name_key; Type: CONSTRAINT; Schema: public; Owner: koyeb-adm
--

ALTER TABLE ONLY public.auth_group
    ADD CONSTRAINT auth_group_name_key UNIQUE (name);


--
-- Name: auth_group_permissions auth_group_permissions_group_id_permission_id_0cd325b0_uniq; Type: CONSTRAINT; Schema: public; Owner: koyeb-adm
--

ALTER TABLE ONLY public.auth_group_permissions
    ADD CONSTRAINT auth_group_permissions_group_id_permission_id_0cd325b0_uniq UNIQUE (group_id, permission_id);


--
-- Name: auth_group_permissions auth_group_permissions_pkey; Type: CONSTRAINT; Schema: public; Owner: koyeb-adm
--

ALTER TABLE ONLY public.auth_group_permissions
    ADD CONSTRAINT auth_group_permissions_pkey PRIMARY KEY (id);


--
-- Name: auth_group auth_group_pkey; Type: CONSTRAINT; Schema: public; Owner: koyeb-adm
--

ALTER TABLE ONLY public.auth_group
    ADD CONSTRAINT auth_group_pkey PRIMARY KEY (id);


--
-- Name: auth_permission auth_permission_content_type_id_codename_01ab375a_uniq; Type: CONSTRAINT; Schema: public; Owner: koyeb-adm
--

ALTER TABLE ONLY public.auth_permission
    ADD CONSTRAINT auth_permission_content_type_id_codename_01ab375a_uniq UNIQUE (content_type_id, codename);


--
-- Name: auth_permission auth_permission_pkey; Type: CONSTRAINT; Schema: public; Owner: koyeb-adm
--

ALTER TABLE ONLY public.auth_permission
    ADD CONSTRAINT auth_permission_pkey PRIMARY KEY (id);


--
-- Name: auth_user_groups auth_user_groups_pkey; Type: CONSTRAINT; Schema: public; Owner: koyeb-adm
--

ALTER TABLE ONLY public.auth_user_groups
    ADD CONSTRAINT auth_user_groups_pkey PRIMARY KEY (id);


--
-- Name: auth_user_groups auth_user_groups_user_id_group_id_94350c0c_uniq; Type: CONSTRAINT; Schema: public; Owner: koyeb-adm
--

ALTER TABLE ONLY public.auth_user_groups
    ADD CONSTRAINT auth_user_groups_user_id_group_id_94350c0c_uniq UNIQUE (user_id, group_id);


--
-- Name: auth_user auth_user_pkey; Type: CONSTRAINT; Schema: public; Owner: koyeb-adm
--

ALTER TABLE ONLY public.auth_user
    ADD CONSTRAINT auth_user_pkey PRIMARY KEY (id);


--
-- Name: auth_user_user_permissions auth_user_user_permissions_pkey; Type: CONSTRAINT; Schema: public; Owner: koyeb-adm
--

ALTER TABLE ONLY public.auth_user_user_permissions
    ADD CONSTRAINT auth_user_user_permissions_pkey PRIMARY KEY (id);


--
-- Name: auth_user_user_permissions auth_user_user_permissions_user_id_permission_id_14a6b632_uniq; Type: CONSTRAINT; Schema: public; Owner: koyeb-adm
--

ALTER TABLE ONLY public.auth_user_user_permissions
    ADD CONSTRAINT auth_user_user_permissions_user_id_permission_id_14a6b632_uniq UNIQUE (user_id, permission_id);


--
-- Name: auth_user auth_user_username_key; Type: CONSTRAINT; Schema: public; Owner: koyeb-adm
--

ALTER TABLE ONLY public.auth_user
    ADD CONSTRAINT auth_user_username_key UNIQUE (username);


--
-- Name: django_admin_log django_admin_log_pkey; Type: CONSTRAINT; Schema: public; Owner: koyeb-adm
--

ALTER TABLE ONLY public.django_admin_log
    ADD CONSTRAINT django_admin_log_pkey PRIMARY KEY (id);


--
-- Name: django_content_type django_content_type_app_label_model_76bd3d3b_uniq; Type: CONSTRAINT; Schema: public; Owner: koyeb-adm
--

ALTER TABLE ONLY public.django_content_type
    ADD CONSTRAINT django_content_type_app_label_model_76bd3d3b_uniq UNIQUE (app_label, model);


--
-- Name: django_content_type django_content_type_pkey; Type: CONSTRAINT; Schema: public; Owner: koyeb-adm
--

ALTER TABLE ONLY public.django_content_type
    ADD CONSTRAINT django_content_type_pkey PRIMARY KEY (id);


--
-- Name: django_migrations django_migrations_pkey; Type: CONSTRAINT; Schema: public; Owner: koyeb-adm
--

ALTER TABLE ONLY public.django_migrations
    ADD CONSTRAINT django_migrations_pkey PRIMARY KEY (id);


--
-- Name: django_session django_session_pkey; Type: CONSTRAINT; Schema: public; Owner: koyeb-adm
--

ALTER TABLE ONLY public.django_session
    ADD CONSTRAINT django_session_pkey PRIMARY KEY (session_key);


--
-- Name: stories_chapter stories_chapter_pkey; Type: CONSTRAINT; Schema: public; Owner: koyeb-adm
--

ALTER TABLE ONLY public.stories_chapter
    ADD CONSTRAINT stories_chapter_pkey PRIMARY KEY (id);


--
-- Name: stories_chapter stories_chapter_story_id_number_606d670f_uniq; Type: CONSTRAINT; Schema: public; Owner: koyeb-adm
--

ALTER TABLE ONLY public.stories_chapter
    ADD CONSTRAINT stories_chapter_story_id_number_606d670f_uniq UNIQUE (story_id, number);


--
-- Name: stories_story stories_story_pkey; Type: CONSTRAINT; Schema: public; Owner: koyeb-adm
--

ALTER TABLE ONLY public.stories_story
    ADD CONSTRAINT stories_story_pkey PRIMARY KEY (id);


--
-- Name: stories_story stories_story_slug_key; Type: CONSTRAINT; Schema: public; Owner: koyeb-adm
--

ALTER TABLE ONLY public.stories_story
    ADD CONSTRAINT stories_story_slug_key UNIQUE (slug);


--
-- Name: auth_group_name_a6ea08ec_like; Type: INDEX; Schema: public; Owner: koyeb-adm
--

CREATE INDEX auth_group_name_a6ea08ec_like ON public.auth_group USING btree (name varchar_pattern_ops);


--
-- Name: auth_group_permissions_group_id_b120cbf9; Type: INDEX; Schema: public; Owner: koyeb-adm
--

CREATE INDEX auth_group_permissions_group_id_b120cbf9 ON public.auth_group_permissions USING btree (group_id);


--
-- Name: auth_group_permissions_permission_id_84c5c92e; Type: INDEX; Schema: public; Owner: koyeb-adm
--

CREATE INDEX auth_group_permissions_permission_id_84c5c92e ON public.auth_group_permissions USING btree (permission_id);


--
-- Name: auth_permission_content_type_id_2f476e4b; Type: INDEX; Schema: public; Owner: koyeb-adm
--

CREATE INDEX auth_permission_content_type_id_2f476e4b ON public.auth_permission USING btree (content_type_id);


--
-- Name: auth_user_groups_group_id_97559544; Type: INDEX; Schema: public; Owner: koyeb-adm
--

CREATE INDEX auth_user_groups_group_id_97559544 ON public.auth_user_groups USING btree (group_id);


--
-- Name: auth_user_groups_user_id_6a12ed8b; Type: INDEX; Schema: public; Owner: koyeb-adm
--

CREATE INDEX auth_user_groups_user_id_6a12ed8b ON public.auth_user_groups USING btree (user_id);


--
-- Name: auth_user_user_permissions_permission_id_1fbb5f2c; Type: INDEX; Schema: public; Owner: koyeb-adm
--

CREATE INDEX auth_user_user_permissions_permission_id_1fbb5f2c ON public.auth_user_user_permissions USING btree (permission_id);


--
-- Name: auth_user_user_permissions_user_id_a95ead1b; Type: INDEX; Schema: public; Owner: koyeb-adm
--

CREATE INDEX auth_user_user_permissions_user_id_a95ead1b ON public.auth_user_user_permissions USING btree (user_id);


--
-- Name: auth_user_username_6821ab7c_like; Type: INDEX; Schema: public; Owner: koyeb-adm
--

CREATE INDEX auth_user_username_6821ab7c_like ON public.auth_user USING btree (username varchar_pattern_ops);


--
-- Name: django_admin_log_content_type_id_c4bce8eb; Type: INDEX; Schema: public; Owner: koyeb-adm
--

CREATE INDEX django_admin_log_content_type_id_c4bce8eb ON public.django_admin_log USING btree (content_type_id);


--
-- Name: django_admin_log_user_id_c564eba6; Type: INDEX; Schema: public; Owner: koyeb-adm
--

CREATE INDEX django_admin_log_user_id_c564eba6 ON public.django_admin_log USING btree (user_id);


--
-- Name: django_session_expire_date_a5c62663; Type: INDEX; Schema: public; Owner: koyeb-adm
--

CREATE INDEX django_session_expire_date_a5c62663 ON public.django_session USING btree (expire_date);


--
-- Name: django_session_session_key_c0390e0f_like; Type: INDEX; Schema: public; Owner: koyeb-adm
--

CREATE INDEX django_session_session_key_c0390e0f_like ON public.django_session USING btree (session_key varchar_pattern_ops);


--
-- Name: stories_chapter_story_id_0070cf4e; Type: INDEX; Schema: public; Owner: koyeb-adm
--

CREATE INDEX stories_chapter_story_id_0070cf4e ON public.stories_chapter USING btree (story_id);


--
-- Name: stories_story_slug_8e98603e_like; Type: INDEX; Schema: public; Owner: koyeb-adm
--

CREATE INDEX stories_story_slug_8e98603e_like ON public.stories_story USING btree (slug varchar_pattern_ops);


--
-- Name: auth_group_permissions auth_group_permissio_permission_id_84c5c92e_fk_auth_perm; Type: FK CONSTRAINT; Schema: public; Owner: koyeb-adm
--

ALTER TABLE ONLY public.auth_group_permissions
    ADD CONSTRAINT auth_group_permissio_permission_id_84c5c92e_fk_auth_perm FOREIGN KEY (permission_id) REFERENCES public.auth_permission(id) DEFERRABLE INITIALLY DEFERRED;


--
-- Name: auth_group_permissions auth_group_permissions_group_id_b120cbf9_fk_auth_group_id; Type: FK CONSTRAINT; Schema: public; Owner: koyeb-adm
--

ALTER TABLE ONLY public.auth_group_permissions
    ADD CONSTRAINT auth_group_permissions_group_id_b120cbf9_fk_auth_group_id FOREIGN KEY (group_id) REFERENCES public.auth_group(id) DEFERRABLE INITIALLY DEFERRED;


--
-- Name: auth_permission auth_permission_content_type_id_2f476e4b_fk_django_co; Type: FK CONSTRAINT; Schema: public; Owner: koyeb-adm
--

ALTER TABLE ONLY public.auth_permission
    ADD CONSTRAINT auth_permission_content_type_id_2f476e4b_fk_django_co FOREIGN KEY (content_type_id) REFERENCES public.django_content_type(id) DEFERRABLE INITIALLY DEFERRED;


--
-- Name: auth_user_groups auth_user_groups_group_id_97559544_fk_auth_group_id; Type: FK CONSTRAINT; Schema: public; Owner: koyeb-adm
--

ALTER TABLE ONLY public.auth_user_groups
    ADD CONSTRAINT auth_user_groups_group_id_97559544_fk_auth_group_id FOREIGN KEY (group_id) REFERENCES public.auth_group(id) DEFERRABLE INITIALLY DEFERRED;


--
-- Name: auth_user_groups auth_user_groups_user_id_6a12ed8b_fk_auth_user_id; Type: FK CONSTRAINT; Schema: public; Owner: koyeb-adm
--

ALTER TABLE ONLY public.auth_user_groups
    ADD CONSTRAINT auth_user_groups_user_id_6a12ed8b_fk_auth_user_id FOREIGN KEY (user_id) REFERENCES public.auth_user(id) DEFERRABLE INITIALLY DEFERRED;


--
-- Name: auth_user_user_permissions auth_user_user_permi_permission_id_1fbb5f2c_fk_auth_perm; Type: FK CONSTRAINT; Schema: public; Owner: koyeb-adm
--

ALTER TABLE ONLY public.auth_user_user_permissions
    ADD CONSTRAINT auth_user_user_permi_permission_id_1fbb5f2c_fk_auth_perm FOREIGN KEY (permission_id) REFERENCES public.auth_permission(id) DEFERRABLE INITIALLY DEFERRED;


--
-- Name: auth_user_user_permissions auth_user_user_permissions_user_id_a95ead1b_fk_auth_user_id; Type: FK CONSTRAINT; Schema: public; Owner: koyeb-adm
--

ALTER TABLE ONLY public.auth_user_user_permissions
    ADD CONSTRAINT auth_user_user_permissions_user_id_a95ead1b_fk_auth_user_id FOREIGN KEY (user_id) REFERENCES public.auth_user(id) DEFERRABLE INITIALLY DEFERRED;


--
-- Name: django_admin_log django_admin_log_content_type_id_c4bce8eb_fk_django_co; Type: FK CONSTRAINT; Schema: public; Owner: koyeb-adm
--

ALTER TABLE ONLY public.django_admin_log
    ADD CONSTRAINT django_admin_log_content_type_id_c4bce8eb_fk_django_co FOREIGN KEY (content_type_id) REFERENCES public.django_content_type(id) DEFERRABLE INITIALLY DEFERRED;


--
-- Name: django_admin_log django_admin_log_user_id_c564eba6_fk_auth_user_id; Type: FK CONSTRAINT; Schema: public; Owner: koyeb-adm
--

ALTER TABLE ONLY public.django_admin_log
    ADD CONSTRAINT django_admin_log_user_id_c564eba6_fk_auth_user_id FOREIGN KEY (user_id) REFERENCES public.auth_user(id) DEFERRABLE INITIALLY DEFERRED;


--
-- Name: stories_chapter stories_chapter_story_id_0070cf4e_fk_stories_story_id; Type: FK CONSTRAINT; Schema: public; Owner: koyeb-adm
--

ALTER TABLE ONLY public.stories_chapter
    ADD CONSTRAINT stories_chapter_story_id_0070cf4e_fk_stories_story_id FOREIGN KEY (story_id) REFERENCES public.stories_story(id) DEFERRABLE INITIALLY DEFERRED;


--
-- Name: DEFAULT PRIVILEGES FOR SEQUENCES; Type: DEFAULT ACL; Schema: public; Owner: cloud_admin
--

ALTER DEFAULT PRIVILEGES FOR ROLE cloud_admin IN SCHEMA public GRANT ALL ON SEQUENCES TO neon_superuser WITH GRANT OPTION;


--
-- Name: DEFAULT PRIVILEGES FOR TABLES; Type: DEFAULT ACL; Schema: public; Owner: cloud_admin
--

ALTER DEFAULT PRIVILEGES FOR ROLE cloud_admin IN SCHEMA public GRANT ALL ON TABLES TO neon_superuser WITH GRANT OPTION;


--
-- PostgreSQL database dump complete
--

\unrestrict kOusZ4MLvR5f5Bpqyt06bZjQ00SIa94BVGocaVBPLRHLDh9KrOCEdtWgNdXuUbx

